object_id,revenue_ci,dtname,workers-affected-pct
18-300-00101,Gossaigaon (Pt),KOKRAJHAR,86.36
18-300-00102,Bhowraguri,KOKRAJHAR,86.36
18-300-00103,Dotoma,KOKRAJHAR,86.36
18-300-00104,Kokrajhar (Pt),KOKRAJHAR,86.36
18-300-00105,Bagribari (Pt),KOKRAJHAR,86.36
18-300-00106,Golokganj (Pt),KOKRAJHAR,86.36
18-300-00107,Dhubri (Pt),KOKRAJHAR,86.36
18-300-00108,Chapar (Pt),KOKRAJHAR,86.36
18-301-00109,Bagribari (Pt),DHUBRI,78.55
18-301-00110,Agamoni,DHUBRI,78.55
18-301-00111,Golokganj (Pt),DHUBRI,78.55
18-301-00112,Dhubri (Pt),DHUBRI,78.55
18-301-00113,Bilasipara (Pt),DHUBRI,78.55
18-301-00114,Chapar (Pt),DHUBRI,78.55
18-302-00115,Lakhipur,GOALPARA,87.33
18-302-00116,Balijana,GOALPARA,87.33
18-302-00117,Matia,GOALPARA,87.33
18-302-00118,Dudhnai,GOALPARA,87.33
18-302-00119,Rangjuli,GOALPARA,87.33
18-303-00120,Kalgachia,BARPETA,78.24
18-303-00121,Baghbor,BARPETA,78.24
18-303-00122,Barpeta,BARPETA,78.24
18-303-00123,Sarthebari,BARPETA,78.24
18-799-00124,Bajali (Pt),BAJALI,78.24
18-799-00125,Jalah (Pt),BAJALI,78.24
18-304-00126,Bhuragaon,MORIGAON,55.93
18-304-00127,Laharighat,MORIGAON,55.93
18-304-00128,Marigaon,MORIGAON,55.93
18-304-00129,Mikirbheta,MORIGAON,55.93
18-305-00130,Kaliabor,NAGAON,69.66
18-305-00131,Samaguri,NAGAON,69.66
18-305-00132,Rupahi,NAGAON,69.66
18-305-00133,Dhing,NAGAON,69.66
18-305-00134,Nagaon,NAGAON,69.66
18-305-00135,Raha,NAGAON,69.66
18-305-00136,Kampur,NAGAON,69.66
18-306-00137,Dhekiajuli (Pt),SONITPUR,84.82
18-306-00138,Chariduar,SONITPUR,84.82
18-306-00139,Tezpur,SONITPUR,84.82
18-306-00140,Na-Duar,SONITPUR,84.82
18-307-00141,Narayanpur,LAKHIMPUR,79.61
18-307-00142,Bihpuria,LAKHIMPUR,79.61
18-307-00143,Naobaicha,LAKHIMPUR,79.61
18-307-00144,Kadam,LAKHIMPUR,79.61
18-307-00145,North Lakhimpur,LAKHIMPUR,79.61
18-307-00146,Dhakuakhana (Pt-I),LAKHIMPUR,79.61
18-307-00147,Subansiri (Pt-I),LAKHIMPUR,79.61
18-308-00148,Dhakuakhana (Pt-II),DHEMAJI,77.87
18-308-00149,Subansiri (Pt-II),DHEMAJI,77.87
18-308-00150,Dhemaji,DHEMAJI,77.87
18-308-00151,Sissibargaon,DHEMAJI,77.87
18-308-00152,Jonai,DHEMAJI,77.87
18-308-00153,Gogamukh,DHEMAJI,77.87
18-309-00154,Sadiya,TINSUKIA,89.01
18-309-00155,Doom Dooma,TINSUKIA,89.01
18-309-00156,Tinsukia,TINSUKIA,89.01
18-309-00157,Margherita,TINSUKIA,89.01
18-310-00158,Dibrugarh West,DIBRUGARH,81.66
18-310-00159,Dibrugarh East,DIBRUGARH,81.66
18-310-00160,Chabua,DIBRUGARH,81.66
18-310-00161,Tengakhat,DIBRUGARH,81.66
18-310-00162,Moran,DIBRUGARH,81.66
18-310-00163,Tingkhong,DIBRUGARH,81.66
18-310-00164,Naharkatiya,DIBRUGARH,81.66
18-311-00165,Dimow,SIVASAGAR,82.09
18-311-00166,Sibsagar,SIVASAGAR,82.09
18-311-00167,Amguri,SIVASAGAR,82.09
18-311-00168,Nazira,SIVASAGAR,82.09
18-312-00169,Teok,JORHAT,73.71
18-312-00170,Titabor,JORHAT,73.71
18-312-00171,Mariani,JORHAT,73.71
18-313-00172,Bokakhat,GOLAGHAT,73.24
18-313-00173,Khumtai,GOLAGHAT,73.24
18-313-00174,Dergaon,GOLAGHAT,73.24
18-313-00175,Golaghat,GOLAGHAT,73.24
18-313-00176,Morangi,GOLAGHAT,73.24
18-313-00177,Sarupathar,GOLAGHAT,73.24
18-314-00178,Diphu,KARBI ANGLONG,79.48
18-314-00179,Silonijan,KARBI ANGLONG,79.48
18-315-00180,Umrangso,DIMA HASAO,89.42
18-315-00181,Haflong,DIMA HASAO,89.42
18-315-00182,Mahur,DIMA HASAO,89.42
18-315-00183,Maibong,DIMA HASAO,89.42
18-316-00184,Katigora,CACHAR,69.81
18-316-00185,Silchar,CACHAR,69.81
18-316-00186,Udarbond,CACHAR,69.81
18-316-00187,Sonai,CACHAR,69.81
18-316-00188,Lakhipur,CACHAR,69.81
18-317-00189,Karimganj,KARIMGANJ,76.88
18-317-00190,Badarpur,KARIMGANJ,76.88
18-317-00191,Nilambazar,KARIMGANJ,76.88
18-317-00192,Patharkandi,KARIMGANJ,76.88
18-317-00193,RamkrishnaNagar,KARIMGANJ,76.88
18-318-00194,Algapur,HAILAKANDI,79.86
18-318-00195,Hailakandi,HAILAKANDI,79.86
18-318-00196,Lala,HAILAKANDI,79.86
18-318-00197,Katlichara,HAILAKANDI,79.86
18-319-00198,Bongaigaon(Pt),BONGAIGAON,59.85
18-319-00199,Boitamari,BONGAIGAON,59.85
18-319-00200,Srijangram,BONGAIGAON,59.85
18-319-00201,Sidli (Pt-II),BONGAIGAON,59.85
18-319-00202,Manikpur,BONGAIGAON,59.85
18-320-00203,Kokrajhar (Pt),CHIRANG,85.96
18-320-00204,Barnagar (Pt),CHIRANG,85.96
18-320-00205,Bengtal,CHIRANG,85.96
18-320-00206,Sidli (Pt),CHIRANG,85.96
18-320-00207,Bijni (Pt),CHIRANG,85.96
18-321-00208,Rangia(Pt),KAMRUP,61.86
18-321-00209,Koya,KAMRUP,61.86
18-321-00210,Kamalpur,KAMRUP,61.86
18-321-00211,Hajo,KAMRUP,61.86
18-321-00212,Chhaygaon,KAMRUP,61.86
18-321-00213,Goroimari,KAMRUP,61.86
18-321-00214,Chamaria,KAMRUP,61.86
18-321-00215,Nagarbera,KAMRUP,61.86
18-321-00216,Boko,KAMRUP,61.86
18-321-00217,NorthGuwahati,KAMRUP,61.86
18-321-00218,Jalah (Pt),KAMRUP,61.86
18-322-00219,Guwahati,KAMRUP METRO,40.36
18-322-00220,Sonapur,KAMRUP METRO,40.36
18-322-00221,Chandrapur,KAMRUP METRO,40.36
18-323-00222,Tihu(Pt),NALBARI,47.21
18-323-00223,PachimNalbari,NALBARI,47.21
18-323-00224,Barkhetri,NALBARI,47.21
18-323-00225,Barbhag,NALBARI,47.21
18-323-00226,Nalbari,NALBARI,47.21
18-323-00227,Banekuchi,NALBARI,47.21
18-323-00228,Ghograpar (Pt),NALBARI,47.21
18-324-00260,Baganpara (Pt),BAKSA,81.84
18-323-00230,Baganpara (Pt),NALBARI,47.21
18-324-00231,Barnagar (Pt),BAKSA,81.84
18-324-00232,Ghograpar (Pt),BAKSA,81.84
18-324-00233,Jalah (Pt),BAKSA,81.84
18-324-00234,Barama,BAKSA,81.84
18-816-00235,Rangia (Pt),TAMULPUR,81.84
18-816-00236,Pathorighat (Pt),TAMULPUR,81.84
18-325-00237,Khoirabari (Pt),DARRANG,85.43
18-325-00238,Pathorighat (Pt),DARRANG,85.43
18-325-00239,Sipajhar,DARRANG,85.43
18-326-00240,Dhekiajuli (Pt),UDALGURI,80.43
18-326-00241,Khoirabari (Pt),UDALGURI,80.43
18-326-00242,Pathorighat (Pt),UDALGURI,80.43
18-326-00243,Mangaldoi (Pt),UDALGURI,80.43
18-326-00244,Dalgaon (Pt),UDALGURI,80.43
18-326-00245,Harisinga,UDALGURI,80.43
18-326-00246,Udalguri,UDALGURI,80.43
18-326-00247,Mazbat,UDALGURI,80.43
18-755-00248,Mahmora,CHARAIDEO,97.38
18-756-00249,Biswanath,BISWANATH,55.39
18-756-00250,Helem,BISWANATH,55.39
18-756-00251,Gohpur,BISWANATH,55.39
18-757-00252,Hojai,HOJAI,75.41
18-757-00253,Doboka,HOJAI,75.41
18-757-00254,Lanka,HOJAI,75.41
18-759-00255,Donka,WEST KARBI ANGLONG,95.44
18-758-00256,South Salmara,SOUTH SALMARA MANCACHAR,84.29
18-758-00257,Mankachar,SOUTH SALMARA MANCACHAR,84.29
18-816-00258,Bajali (Pt),TAMULPUR,81.84
18-816-00259,Goreswar (Pt),TAMULPUR,81.84
18-816-00261,Tamulpur,TAMULPUR,81.84
18-324-00262,Baksa,BAKSA,81.84
18-324-00263,Sarupeta (Pt),BAKSA,81.84
18-303-00264,Barnagar (Pt),BARPETA,78.24
18-799-00265,Sarupeta (Pt),BAJALI,78.24
18-303-00266,Chenga,BARPETA,78.24
18-322-00267,North Guwahati (Pt),KAMRUP METRO,40.36
18-326-00268,Kalaigaon (Pt),UDALGURI,80.43
18-325-00269,Mangaldoi (Pt),DARRANG,85.43
18-325-00270,Dalgaon (Pt),DARRANG,85.43
18-304-00271,Mayong,MORIGAON,55.93
18-321-00272,Palasbari,KAMRUP,61.86
18-321-00273,Azara,KAMRUP,61.86
18-301-00274,Gossaigaon (Pt),DHUBRI,78.55
18-312-00276,Jorhat West,JORHAT,73.71
18-312-00277,Jorhat East,JORHAT,73.71
18-755-00278,Sapekhati,CHARAIDEO,97.38
18-755-00279,Sonari,CHARAIDEO,97.38
18-760-00280,Ujani Majuli,MAJULI,88.08
18-760-00281,Majuli,MAJULI,88.08
18-314-00275,Phuloni,KARBI ANGLONG,79.48
