dtname,block_name,object_id,drainage_density,timeperiod
Anugul,ANUGUL,21-384-03276,0.00015674,2022_06
Anugul,ATHMALLIK,21-384-03277,0.00016356,2022_06
Anugul,BANARPAL,21-384-03278,0.00023108,2022_06
Anugul,CHHENDIPADA,21-384-03279,0.00013995,2022_06
Anugul,KANIHA,21-384-03280,0.00022886,2022_06
Anugul,KISHORENAGAR,21-384-03281,0.00013286,2022_06
Anugul,PALALAHADA,21-384-03282,0.00022231,2022_06
Anugul,TALACHER,21-384-03283,0.00021457,2022_06
Balangir,AGALPUR,21-393-03284,0.00022097,2022_06
Balangir,BALANGIR,21-393-03285,0.0001004,2022_06
Balangir,BANGOMUNDA,21-393-03286,0.0002097,2022_06
Balangir,BELPARA,21-393-03287,0.00020686,2022_06
Balangir,DEOGAON,21-393-03288,0.00016356,2022_06
Balangir,GUDVELLA,21-393-03289,0.00026137,2022_06
Balangir,KHAPRAKHOL,21-393-03290,0.00012195,2022_06
Balangir,LOISINGA,21-393-03291,0.00015368,2022_06
Balangir,MURIBAHAL,21-393-03292,0.00017985,2022_06
Balangir,PATNAGARH,21-393-03293,0.00016541,2022_06
Balangir,PUINTALA,21-393-03294,0.00014568,2022_06
Balangir,SAINTALA,21-393-03295,0.00010511,2022_06
Balangir,TITLAGARH,21-393-03296,0.00020402,2022_06
Balangir,TUREKELA,21-393-03297,8.158e-05,2022_06
Baleshwar,BAHANAGA,21-377-03298,0.0001086,2022_06
Baleshwar,BALESHWAR,21-377-03299,0.00022179,2022_06
Baleshwar,BALIAPAL,21-377-03300,0.00011574,2022_06
Baleshwar,BASTA,21-377-03301,0.00027458,2022_06
Baleshwar,BHOGRAI,21-377-03302,9.056e-05,2022_06
Baleshwar,JALESWAR,21-377-03303,0.00010578,2022_06
Baleshwar,KHAIRA,21-377-03304,0.00015895,2022_06
Baleshwar,NILGIRI,21-377-03305,0.00015339,2022_06
Baleshwar,OUPADA,21-377-03306,4.147e-05,2022_06
Baleshwar,REMUNA,21-377-03307,0.00023459,2022_06
Baleshwar,SIMULIA,21-377-03308,7.26e-05,2022_06
Baleshwar,SORO,21-377-03309,0.00028324,2022_06
Bargarh,AMBABHONA,21-370-03310,0.00025763,2022_06
Bargarh,ATTABIRA,21-370-03311,0.00013137,2022_06
Bargarh,BARGARH,21-370-03312,0.00018649,2022_06
Bargarh,BARPALI,21-370-03313,0.00017898,2022_06
Bargarh,BHATLI,21-370-03314,0.00017327,2022_06
Bargarh,BHEDEN,21-370-03315,0.00016164,2022_06
Bargarh,BIJEPUR,21-370-03316,0.00011921,2022_06
Bargarh,GAISILET,21-370-03317,0.00021257,2022_06
Bargarh,JHARBANDH,21-370-03318,0.00016098,2022_06
Bargarh,PADAMPUR,21-370-03319,0.00018679,2022_06
Bargarh,PAIKMAL,21-370-03320,0.00022484,2022_06
Bargarh,SOHELLA,21-370-03321,0.00011006,2022_06
Bhadrak,BASUDEVPUR,21-378-03322,9.012e-05,2022_06
Bhadrak,BHADRAK,21-378-03323,0.00020891,2022_06
Bhadrak,BHANDARIPOKHARI,21-378-03324,9.923e-05,2022_06
Bhadrak,BONTH,21-378-03325,0.00021455,2022_06
Bhadrak,CHANDABALI,21-378-03326,0.00022155,2022_06
Bhadrak,DHAMANAGAR,21-378-03327,0.00037231,2022_06
Bhadrak,TIHIDI,21-378-03328,0.00030761,2022_06
Boudh,BOUDH,21-391-03329,0.00018084,2022_06
Boudh,HARABHANGA,21-391-03330,0.00018059,2022_06
Boudh,KANTAMAL,21-391-03331,0.00018558,2022_06
Cuttack,ATHAGAD,21-381-03332,0.00017613,2022_06
Cuttack,BADAMBA,21-381-03333,0.0001974,2022_06
Cuttack,BANKI,21-381-03334,0.00025195,2022_06
Cuttack,BANKI- DAMPARA,21-381-03335,0.00019333,2022_06
Cuttack,BARANGA,21-381-03336,0.00024407,2022_06
Cuttack,CUTTACKSADAR,21-381-03337,0.00016148,2022_06
Cuttack,KANTAPADA,21-381-03338,0.0001538,2022_06
Cuttack,MAHANGA,21-381-03339,0.00013979,2022_06
Cuttack,NARASINGHPUR,21-381-03340,0.00016897,2022_06
Cuttack,NIALI,21-381-03341,0.00039195,2022_06
Cuttack,NISCHINTA KOILI,21-381-03342,0.00022454,2022_06
Cuttack,SALEPUR,21-381-03343,0.00013804,2022_06
Cuttack,TANGI CHOUDWAR,21-381-03344,0.00017572,2022_06
Cuttack,TIGIRIA,21-381-03345,0.00016716,2022_06
Deogarh,BARKOTE,21-373-03346,0.00020843,2022_06
Deogarh,REAMAL,21-373-03347,0.000148,2022_06
Deogarh,TILEIBANI,21-373-03348,0.00016439,2022_06
Dhenkanal,BHUBAN,21-383-03349,0.00034484,2022_06
Dhenkanal,DHENKANAL SADAR,21-383-03350,0.00014536,2022_06
Dhenkanal,GONDIA,21-383-03351,0.00019869,2022_06
Dhenkanal,HINDOL,21-383-03352,0.00017972,2022_06
Dhenkanal,KAMAKHYANAGAR,21-383-03353,0.00020996,2022_06
Dhenkanal,KANKADA HAD,21-383-03354,0.00019969,2022_06
Dhenkanal,ODAPADA,21-383-03355,0.00025235,2022_06
Dhenkanal,PARJANG,21-383-03356,0.0001973,2022_06
Gajapati,GOSANI,21-389-03357,9.07e-05,2022_06
Gajapati,GUMMA,21-389-03358,4.43e-05,2022_06
Gajapati,KASINAGAR,21-389-03359,0.00013346,2022_06
Gajapati,MOHANA,21-389-03360,9.657e-05,2022_06
Gajapati,NUAGADA,21-389-03361,6.885e-05,2022_06
Gajapati,R.UDAYAGIRI,21-389-03362,0.00014207,2022_06
Gajapati,RAYAGADA,21-389-03363,6.784e-05,2022_06
Ganjam,ASKA,21-388-03364,0.00032211,2022_06
Ganjam,BEGUNIAPADA,21-388-03365,0.00023435,2022_06
Ganjam,BELLAGUNTHA,21-388-03366,0.00033654,2022_06
Ganjam,BHANJANAGAR,21-388-03367,0.00035136,2022_06
Ganjam,BUGUDA,21-388-03368,0.00016987,2022_06
Ganjam,CHATRAPUR,21-388-03369,0.00013079,2022_06
Ganjam,CHIKITI,21-388-03370,0.00021707,2022_06
Ganjam,DHARAKOTE,21-388-03371,0.00010891,2022_06
Ganjam,DIGAPAHANDI,21-388-03372,0.00016539,2022_06
Ganjam,GANJAM,21-388-03373,8.486e-05,2022_06
Ganjam,HINJILICUT,21-388-03374,0.00017804,2022_06
Ganjam,JAGANNATHPRASAD,21-388-03375,0.00019326,2022_06
Ganjam,KABISURYANAGAR,21-388-03376,0.00026829,2022_06
Ganjam,KHALLIKOTE,21-388-03377,8.722e-05,2022_06
Ganjam,KUKUDAKHANDI,21-388-03378,8.369e-05,2022_06
Ganjam,PATRAPUR,21-388-03379,0.00022916,2022_06
Ganjam,POLOSARA,21-388-03380,0.00015397,2022_06
Ganjam,PURUSHOTTAMPUR,21-388-03381,0.00031053,2022_06
Ganjam,RANGEILUNDA,21-388-03382,0.00022903,2022_06
Ganjam,SANAKHEMUNDI,21-388-03383,0.00022399,2022_06
Ganjam,SHERAGADA,21-388-03384,0.00018973,2022_06
Ganjam,SURADA,21-388-03385,0.0002419,2022_06
Jagatsinghapur,BALIKUDA,21-380-03386,0.00028859,2022_06
Jagatsinghapur,BIRIDI,21-380-03387,0.00038173,2022_06
Jagatsinghapur,ERASAMA,21-380-03388,0.00025989,2022_06
Jagatsinghapur,JAGATSINGHPUR,21-380-03389,0.00017639,2022_06
Jagatsinghapur,KUJANG,21-380-03390,0.00040208,2022_06
Jagatsinghapur,NAUGAON,21-380-03391,0.00027492,2022_06
Jagatsinghapur,RAGHUNATHPUR,21-380-03392,0.00028067,2022_06
Jagatsinghapur,TIRTOL,21-380-03393,0.00011937,2022_06
Jajapur,BADCHANA,21-382-03394,0.00021977,2022_06
Jajapur,BARI,21-382-03395,0.00047206,2022_06
Jajapur,BINJHARPUR,21-382-03396,0.00036146,2022_06
Jajapur,DAHRMASALA,21-382-03397,0.00026011,2022_06
Jajapur,DANAGADI,21-382-03398,0.00022371,2022_06
Jajapur,DASARATHAPUR,21-382-03399,0.00011008,2022_06
Jajapur,JAJPUR,21-382-03400,0.00042145,2022_06
Jajapur,KOREI,21-382-03401,7.697e-05,2022_06
Jajapur,RASULPUR,21-382-03402,0.00038614,2022_06
Jajapur,SUKINDA,21-382-03403,0.0002361,2022_06
Jharsuguda,JHARSUGUDA,21-371-03404,0.0001989,2022_06
Jharsuguda,KIRMIRA,21-371-03405,0.00017099,2022_06
Jharsuguda,KOLABIRA,21-371-03406,0.00017045,2022_06
Jharsuguda,LAIKERA,21-371-03407,0.00013051,2022_06
Jharsuguda,LAKHANPUR,21-371-03408,0.00017176,2022_06
Kalahandi,BHAWANIPATNA,21-395-03409,0.00013383,2022_06
Kalahandi,DHARAMAGARH,21-395-03410,0.00031563,2022_06
Kalahandi,GOLAMUNDA,21-395-03411,0.00017498,2022_06
Kalahandi,JAYAPATNA,21-395-03412,0.00034072,2022_06
Kalahandi,JUNAGARH,21-395-03413,0.00023477,2022_06
Kalahandi,KALAMPUR,21-395-03414,0.00030782,2022_06
Kalahandi,KARLAMUNDA,21-395-03415,0.00019014,2022_06
Kalahandi,KESINGA,21-395-03416,0.00015279,2022_06
Kalahandi,KOKASARA,21-395-03417,0.00020849,2022_06
Kalahandi,LANJIGARH,21-395-03418,0.00021014,2022_06
Kalahandi,MADANPUR RAMPUR,21-395-03419,0.00016519,2022_06
Kalahandi,NARALA,21-395-03420,0.00022082,2022_06
Kalahandi,THUAMUL RAM PUR,21-395-03421,0.00021871,2022_06
Kandhamal,BALIGUDA,21-390-03422,0.00012478,2022_06
Kandhamal,CHAKAPAD,21-390-03423,9.006e-05,2022_06
Kandhamal,DARINGIBADI,21-390-03424,8.126e-05,2022_06
Kandhamal,G.UDAYAGIRI,21-390-03425,3.975e-05,2022_06
Kandhamal,K.NUAGAN,21-390-03426,0.00010837,2022_06
Kandhamal,KHAJURIPADA,21-390-03427,6.699e-05,2022_06
Kandhamal,KOTAGARH,21-390-03428,0.00024491,2022_06
Kandhamal,PHIRINGIA,21-390-03429,0.00014373,2022_06
Kandhamal,PHULBANI,21-390-03430,0.00017988,2022_06
Kandhamal,RAIKIA,21-390-03431,0.00014043,2022_06
Kandhamal,TIKABALI,21-390-03432,0.00017506,2022_06
Kandhamal,TUMUDIBANDH,21-390-03433,0.00018576,2022_06
Kendrapara,AUL,21-379-03434,0.0002821,2022_06
Kendrapara,DERABISH,21-379-03435,0.00020522,2022_06
Kendrapara,GARADAPUR,21-379-03436,0.00031161,2022_06
Kendrapara,KENDRAPADA,21-379-03437,0.00022408,2022_06
Kendrapara,MAHAKALAPADA,21-379-03438,0.00021186,2022_06
Kendrapara,MARSAGHAI,21-379-03439,0.00044245,2022_06
Kendrapara,PATTAMUNDAI,21-379-03440,0.00018297,2022_06
Kendrapara,RAJKANIKA,21-379-03441,0.00035372,2022_06
Kendrapara,RAJNAGAR,21-379-03442,0.00019231,2022_06
Kendujhar,ANANDAPUR,21-375-03443,0.00028348,2022_06
Kendujhar,BANSAPAL,21-375-03444,0.00020034,2022_06
Kendujhar,CHAMPUA,21-375-03445,0.00018972,2022_06
Kendujhar,GHASIPURA,21-375-03446,0.0002639,2022_06
Kendujhar,GHATGAON,21-375-03447,0.00021487,2022_06
Kendujhar,HARICHADANPUR,21-375-03448,0.00031254,2022_06
Kendujhar,HATADIHI,21-375-03449,0.00016898,2022_06
Kendujhar,JHUMPURA,21-375-03450,0.00014442,2022_06
Kendujhar,JODA,21-375-03451,0.00018209,2022_06
Kendujhar,KENDUJHAR SADAR,21-375-03452,0.000178,2022_06
Kendujhar,PATANA,21-375-03453,0.00020895,2022_06
Kendujhar,SAHARAPADA,21-375-03454,0.00019052,2022_06
Kendujhar,TELKOI,21-375-03455,0.00032047,2022_06
Khordha,BALIANTA,21-386-03456,0.00029692,2022_06
Khordha,BALIPATNA,21-386-03457,0.00024441,2022_06
Khordha,BANAPUR,21-386-03458,9.229e-05,2022_06
Khordha,BEGUNIA,21-386-03459,0.00017122,2022_06
Khordha,BHUBANESWAR,21-386-03460,0.0001445,2022_06
Khordha,BOLAGARH,21-386-03461,0.00014199,2022_06
Khordha,CHILIKA,21-386-03462,5.22e-05,2022_06
Khordha,JATNI,21-386-03463,0.0002586,2022_06
Khordha,KHORDHA,21-386-03464,8.971e-05,2022_06
Khordha,TANGI,21-386-03465,0.00021028,2022_06
Koraput,BANDHUGAON,21-398-03466,0.00023638,2022_06
Koraput,BOIPARIGUDA,21-398-03467,0.00017301,2022_06
Koraput,BORIGUMMA,21-398-03468,0.00026875,2022_06
Koraput,DASAMANTAPUR,21-398-03469,0.00025975,2022_06
Koraput,JEYPORE,21-398-03470,0.00017088,2022_06
Koraput,KORAPUT,21-398-03471,0.00019971,2022_06
Koraput,KOTPAD,21-398-03472,0.00019579,2022_06
Koraput,KUNDURA,21-398-03473,0.00022264,2022_06
Koraput,LAMTAPUT,21-398-03474,0.0001387,2022_06
Koraput,LAXMIPUR,21-398-03475,0.00018904,2022_06
Koraput,NANDAPUR,21-398-03476,0.0001599,2022_06
Koraput,NARAYAN PATANA,21-398-03477,0.0003002,2022_06
Koraput,POTTANGI,21-398-03478,0.00019318,2022_06
Koraput,SEMILIGUDA,21-398-03479,0.00020974,2022_06
Malkangiri,KALIMELA,21-399-03480,0.00014065,2022_06
Malkangiri,KHAIRAPUT,21-399-03481,0.00010901,2022_06
Malkangiri,KORUKONDA,21-399-03482,0.00014658,2022_06
Malkangiri,CHITRAKONDA,21-399-03483,0.00019876,2022_06
Malkangiri,MALKANGIRI,21-399-03484,0.00012167,2022_06
Malkangiri,MATHILI,21-399-03485,0.0002502,2022_06
Malkangiri,PODIA,21-399-03486,0.00017279,2022_06
Mayurbhanj,BADASAHI,21-376-03487,0.00020356,2022_06
Mayurbhanj,BAHALDA,21-376-03488,0.00015139,2022_06
Mayurbhanj,BANGRIPOSI,21-376-03489,0.00015084,2022_06
Mayurbhanj,BARIPADA,21-376-03490,2.521e-05,2022_06
Mayurbhanj,BETNOTI,21-376-03491,6.402e-05,2022_06
Mayurbhanj,BIJATALA,21-376-03492,0.00013482,2022_06
Mayurbhanj,BISOI,21-376-03493,0.0001363,2022_06
Mayurbhanj,GOPABANDHUNAGAR,21-376-03494,0.00029477,2022_06
Mayurbhanj,JAMDA,21-376-03495,0.00030206,2022_06
Mayurbhanj,JOSHIPUR,21-376-03496,0.00020797,2022_06
Mayurbhanj,KAPTIPADA,21-376-03497,0.00016068,2022_06
Mayurbhanj,KARANJIA,21-376-03498,0.00018598,2022_06
Mayurbhanj,KHUNTA,21-376-03499,0.00014087,2022_06
Mayurbhanj,KULIANA,21-376-03500,0.00010647,2022_06
Mayurbhanj,KUSUMI,21-376-03501,0.00015784,2022_06
Mayurbhanj,MORADA,21-376-03502,0.00012039,2022_06
Mayurbhanj,RAIRANGPUR,21-376-03503,0.00018058,2022_06
Mayurbhanj,RARUAN,21-376-03504,0.00026097,2022_06
Mayurbhanj,RASGOVINDPUR,21-376-03505,0.00010992,2022_06
Mayurbhanj,SAMAKHUNTA,21-376-03506,0.00010621,2022_06
Mayurbhanj,SARASKANA,21-376-03507,0.00014666,2022_06
Mayurbhanj,SUKRULI,21-376-03508,0.00018784,2022_06
Mayurbhanj,SULIAPADA,21-376-03509,0.00021275,2022_06
Mayurbhanj,THAKURMUNDA,21-376-03510,0.00018499,2022_06
Mayurbhanj,TIRING,21-376-03511,0.00027932,2022_06
Mayurbhanj,UDALA,21-376-03512,0.00013381,2022_06
Nabarangpur,CHANDAHANDI,21-397-03513,0.00029615,2022_06
Nabarangpur,DABUGAM,21-397-03514,0.00029305,2022_06
Nabarangpur,JHARIGAM,21-397-03515,0.00019208,2022_06
Nabarangpur,KOSAGUMUDA,21-397-03516,0.00017293,2022_06
Nabarangpur,NABARANGPUR,21-397-03517,0.00024049,2022_06
Nabarangpur,NANDAHANDI,21-397-03518,0.0003567,2022_06
Nabarangpur,PAPADAHANDI,21-397-03519,0.00020641,2022_06
Nabarangpur,RAIGHAR,21-397-03520,8.48e-05,2022_06
Nabarangpur,TENTULIKHUNTI,21-397-03521,0.00019721,2022_06
Nabarangpur,UMERKOTE,21-397-03522,0.0001208,2022_06
Nayagarh,BHAPUR,21-385-03523,0.00017456,2022_06
Nayagarh,DASAPALLA,21-385-03524,0.00016354,2022_06
Nayagarh,GANIA,21-385-03525,9.119e-05,2022_06
Nayagarh,KHANDAPARA,21-385-03526,0.00025261,2022_06
Nayagarh,NAYAGARH,21-385-03527,0.00021162,2022_06
Nayagarh,NUAGAON,21-385-03528,0.00014174,2022_06
Nayagarh,ODAGAON,21-385-03529,0.00011712,2022_06
Nayagarh,RANAPUR,21-385-03530,9.438e-05,2022_06
Nuapada,BODEN,21-394-03531,0.00017455,2022_06
Nuapada,KHARIAR,21-394-03532,0.00011504,2022_06
Nuapada,KOMNA,21-394-03533,0.00014498,2022_06
Nuapada,NUAPADA,21-394-03534,0.00013919,2022_06
Nuapada,SINAPALI,21-394-03535,0.00020715,2022_06
Puri,ASTARANGA,21-387-03536,0.00030359,2022_06
Puri,BRAHMAGIRI,21-387-03537,0.00013061,2022_06
Puri,DELANGA,21-387-03538,6.991e-05,2022_06
Puri,GOP,21-387-03539,0.00021426,2022_06
Puri,KAKAT PUR,21-387-03540,0.00014846,2022_06
Puri,KANAS,21-387-03541,0.00044172,2022_06
Puri,KRUSHNAPRASAD,21-387-03542,0.00015711,2022_06
Puri,NIMAPADA,21-387-03543,0.00015183,2022_06
Puri,PIPILI,21-387-03544,0.00012935,2022_06
Puri,SADAR,21-387-03545,0.00017649,2022_06
Puri,SATYABADI,21-387-03546,6.639e-05,2022_06
Rayagada,BISSAMCUTTACK,21-396-03547,0.00019354,2022_06
Rayagada,CHANDRAPUR,21-396-03548,0.00017557,2022_06
Rayagada,GUDARI,21-396-03549,0.00018233,2022_06
Rayagada,GUNUPUR,21-396-03550,0.00020736,2022_06
Rayagada,KALYANSINGPUR,21-396-03551,0.00033107,2022_06
Rayagada,KASIPUR,21-396-03552,0.00021713,2022_06
Rayagada,KOLNARA,21-396-03553,0.00018683,2022_06
Rayagada,MUNIGUDA,21-396-03554,0.00025451,2022_06
Rayagada,PADMAPUR,21-396-03555,0.00011638,2022_06
Rayagada,RAMANAGUDA,21-396-03556,0.00022511,2022_06
Rayagada,RAYAGADA,21-396-03557,0.00027475,2022_06
Sambalpur,BAMRA,21-372-03558,0.00019315,2022_06
Sambalpur,DHANKAUDA,21-372-03559,0.00029862,2022_06
Sambalpur,JAMANKIRA,21-372-03560,8.509e-05,2022_06
Sambalpur,JUJOMURA,21-372-03561,0.00012258,2022_06
Sambalpur,KUCHINDA,21-372-03562,0.00022625,2022_06
Sambalpur,MANESWAR,21-372-03563,0.00021035,2022_06
Sambalpur,NAKTIDEUL,21-372-03564,0.00018588,2022_06
Sambalpur,RAIRAKHOL,21-372-03565,0.0001277,2022_06
Sambalpur,RENGALI,21-372-03566,9.564e-05,2022_06
Sonepur,BINIKA,21-392-03567,0.00013411,2022_06
Sonepur,BIRMAHARAJPUR,21-392-03568,0.00019328,2022_06
Sonepur,DUNGURIPALI,21-392-03569,0.0001793,2022_06
Sonepur,SONEPUR,21-392-03570,0.00010134,2022_06
Sonepur,TARBHA,21-392-03571,0.00021648,2022_06
Sonepur,ULLUNDA,21-392-03572,0.00022684,2022_06
Sundargarh,BALISANKARA,21-374-03573,0.00019253,2022_06
Sundargarh,BARGAON,21-374-03574,0.00023065,2022_06
Sundargarh,BISRA,21-374-03575,0.00021893,2022_06
Sundargarh,BONAIGARH,21-374-03576,0.00026449,2022_06
Sundargarh,GURUNDIA,21-374-03577,0.0002751,2022_06
Sundargarh,HEMGIR,21-374-03578,0.00013142,2022_06
Sundargarh,KOIDA,21-374-03579,0.00024076,2022_06
Sundargarh,KUARMUNDA,21-374-03580,0.00025889,2022_06
Sundargarh,KUTRA,21-374-03581,0.00019305,2022_06
Sundargarh,LAHUNIPARA,21-374-03582,0.00024097,2022_06
Sundargarh,LATHIKATA,21-374-03583,0.00033483,2022_06
Sundargarh,LEPHRIPARA,21-374-03584,0.00016863,2022_06
Sundargarh,NUAGAON,21-374-03585,0.00025014,2022_06
Sundargarh,RAJGANGPUR,21-374-03586,0.00035302,2022_06
Sundargarh,SUBDEGA,21-374-03587,0.00024254,2022_06
Sundargarh,SUNDARGARH,21-374-03588,0.00020045,2022_06
Sundargarh,TANGARPALI,21-374-03589,0.00020331,2022_06
