object_id,dtname,pct_ncd
21-384-03276,Anugul,20
21-384-03277,Anugul,20
21-384-03278,Anugul,20
21-384-03279,Anugul,20
21-384-03280,Anugul,20
21-384-03281,Anugul,20
21-384-03282,Anugul,20
21-384-03283,Anugul,20
21-393-03284,Balangir,20
21-393-03285,Balangir,20
21-393-03286,Balangir,20
21-393-03287,Balangir,20
21-393-03288,Balangir,20
21-393-03289,Balangir,20
21-393-03290,Balangir,20
21-393-03291,Balangir,20
21-393-03292,Balangir,20
21-393-03293,Balangir,20
21-393-03294,Balangir,20
21-393-03295,Balangir,20
21-393-03296,Balangir,20
21-393-03297,Balangir,20
21-377-03298,Baleshwar,17
21-377-03299,Baleshwar,17
21-377-03300,Baleshwar,17
21-377-03301,Baleshwar,17
21-377-03302,Baleshwar,17
21-377-03303,Baleshwar,17
21-377-03304,Baleshwar,17
21-377-03305,Baleshwar,17
21-377-03306,Baleshwar,17
21-377-03307,Baleshwar,17
21-377-03308,Baleshwar,17
21-377-03309,Baleshwar,17
21-370-03310,Bargarh,22
21-370-03311,Bargarh,22
21-370-03312,Bargarh,22
21-370-03313,Bargarh,22
21-370-03314,Bargarh,22
21-370-03315,Bargarh,22
21-370-03316,Bargarh,22
21-370-03317,Bargarh,22
21-370-03318,Bargarh,22
21-370-03319,Bargarh,22
21-370-03320,Bargarh,22
21-370-03321,Bargarh,22
21-378-03322,Bhadrak,18
21-378-03323,Bhadrak,18
21-378-03324,Bhadrak,18
21-378-03325,Bhadrak,18
21-378-03326,Bhadrak,18
21-378-03327,Bhadrak,18
21-378-03328,Bhadrak,18
21-391-03329,Boudh,24
21-391-03330,Boudh,24
21-391-03331,Boudh,24
21-381-03332,Cuttack,19
21-381-03333,Cuttack,19
21-381-03334,Cuttack,19
21-381-03335,Cuttack,19
21-381-03336,Cuttack,19
21-381-03337,Cuttack,19
21-381-03338,Cuttack,19
21-381-03339,Cuttack,19
21-381-03340,Cuttack,19
21-381-03341,Cuttack,19
21-381-03342,Cuttack,19
21-381-03343,Cuttack,19
21-381-03344,Cuttack,19
21-381-03345,Cuttack,19
21-373-03346,Deogarh,17
21-373-03347,Deogarh,17
21-373-03348,Deogarh,17
21-383-03349,Dhenkanal,21
21-383-03350,Dhenkanal,21
21-383-03351,Dhenkanal,21
21-383-03352,Dhenkanal,21
21-383-03353,Dhenkanal,21
21-383-03354,Dhenkanal,21
21-383-03355,Dhenkanal,21
21-383-03356,Dhenkanal,21
21-389-03357,Gajapati,22
21-389-03358,Gajapati,22
21-389-03359,Gajapati,22
21-389-03360,Gajapati,22
21-389-03361,Gajapati,22
21-389-03362,Gajapati,22
21-389-03363,Gajapati,22
21-388-03364,Ganjam,23
21-388-03365,Ganjam,23
21-388-03366,Ganjam,23
21-388-03367,Ganjam,23
21-388-03368,Ganjam,23
21-388-03369,Ganjam,23
21-388-03370,Ganjam,23
21-388-03371,Ganjam,23
21-388-03372,Ganjam,23
21-388-03373,Ganjam,23
21-388-03374,Ganjam,23
21-388-03375,Ganjam,23
21-388-03376,Ganjam,23
21-388-03377,Ganjam,23
21-388-03378,Ganjam,23
21-388-03379,Ganjam,23
21-388-03380,Ganjam,23
21-388-03381,Ganjam,23
21-388-03382,Ganjam,23
21-388-03383,Ganjam,23
21-388-03384,Ganjam,23
21-388-03385,Ganjam,23
21-380-03386,Jagatsinghapur,18
21-380-03387,Jagatsinghapur,18
21-380-03388,Jagatsinghapur,18
21-380-03389,Jagatsinghapur,18
21-380-03390,Jagatsinghapur,18
21-380-03391,Jagatsinghapur,18
21-380-03392,Jagatsinghapur,18
21-380-03393,Jagatsinghapur,18
21-382-03394,Jajapur,19
21-382-03395,Jajapur,19
21-382-03396,Jajapur,19
21-382-03397,Jajapur,19
21-382-03398,Jajapur,19
21-382-03399,Jajapur,19
21-382-03400,Jajapur,19
21-382-03401,Jajapur,19
21-382-03402,Jajapur,19
21-382-03403,Jajapur,19
21-371-03404,Jharsuguda,22
21-371-03405,Jharsuguda,22
21-371-03406,Jharsuguda,22
21-371-03407,Jharsuguda,22
21-371-03408,Jharsuguda,22
21-395-03409,Kalahandi,26
21-395-03410,Kalahandi,26
21-395-03411,Kalahandi,26
21-395-03412,Kalahandi,26
21-395-03413,Kalahandi,26
21-395-03414,Kalahandi,26
21-395-03415,Kalahandi,26
21-395-03416,Kalahandi,26
21-395-03417,Kalahandi,26
21-395-03418,Kalahandi,26
21-395-03419,Kalahandi,26
21-395-03420,Kalahandi,26
21-395-03421,Kalahandi,26
21-390-03422,Kandhamal,25
21-390-03423,Kandhamal,25
21-390-03424,Kandhamal,25
21-390-03425,Kandhamal,25
21-390-03426,Kandhamal,25
21-390-03427,Kandhamal,25
21-390-03428,Kandhamal,25
21-390-03429,Kandhamal,25
21-390-03430,Kandhamal,25
21-390-03431,Kandhamal,25
21-390-03432,Kandhamal,25
21-390-03433,Kandhamal,25
21-379-03434,Kendrapara,22
21-379-03435,Kendrapara,22
21-379-03436,Kendrapara,22
21-379-03437,Kendrapara,22
21-379-03438,Kendrapara,22
21-379-03439,Kendrapara,22
21-379-03440,Kendrapara,22
21-379-03441,Kendrapara,22
21-379-03442,Kendrapara,22
21-375-03443,Kendujhar,22
21-375-03444,Kendujhar,22
21-375-03445,Kendujhar,22
21-375-03446,Kendujhar,22
21-375-03447,Kendujhar,22
21-375-03448,Kendujhar,22
21-375-03449,Kendujhar,22
21-375-03450,Kendujhar,22
21-375-03451,Kendujhar,22
21-375-03452,Kendujhar,22
21-375-03453,Kendujhar,22
21-375-03454,Kendujhar,22
21-375-03455,Kendujhar,22
21-386-03456,Khordha,20
21-386-03457,Khordha,20
21-386-03458,Khordha,20
21-386-03459,Khordha,20
21-386-03460,Khordha,20
21-386-03461,Khordha,20
21-386-03462,Khordha,20
21-386-03463,Khordha,20
21-386-03464,Khordha,20
21-386-03465,Khordha,20
21-398-03466,Koraput,21
21-398-03467,Koraput,21
21-398-03468,Koraput,21
21-398-03469,Koraput,21
21-398-03470,Koraput,21
21-398-03471,Koraput,21
21-398-03472,Koraput,21
21-398-03473,Koraput,21
21-398-03474,Koraput,21
21-398-03475,Koraput,21
21-398-03476,Koraput,21
21-398-03477,Koraput,21
21-398-03478,Koraput,21
21-398-03479,Koraput,21
21-399-03480,Malkangiri,20
21-399-03481,Malkangiri,20
21-399-03482,Malkangiri,20
21-399-03483,Malkangiri,20
21-399-03484,Malkangiri,20
21-399-03485,Malkangiri,20
21-399-03486,Malkangiri,20
21-376-03487,Mayurbhanj,23
21-376-03488,Mayurbhanj,23
21-376-03489,Mayurbhanj,23
21-376-03490,Mayurbhanj,23
21-376-03491,Mayurbhanj,23
21-376-03492,Mayurbhanj,23
21-376-03493,Mayurbhanj,23
21-376-03494,Mayurbhanj,23
21-376-03495,Mayurbhanj,23
21-376-03496,Mayurbhanj,23
21-376-03497,Mayurbhanj,23
21-376-03498,Mayurbhanj,23
21-376-03499,Mayurbhanj,23
21-376-03500,Mayurbhanj,23
21-376-03501,Mayurbhanj,23
21-376-03502,Mayurbhanj,23
21-376-03503,Mayurbhanj,23
21-376-03504,Mayurbhanj,23
21-376-03505,Mayurbhanj,23
21-376-03506,Mayurbhanj,23
21-376-03507,Mayurbhanj,23
21-376-03508,Mayurbhanj,23
21-376-03509,Mayurbhanj,23
21-376-03510,Mayurbhanj,23
21-376-03511,Mayurbhanj,23
21-376-03512,Mayurbhanj,23
21-397-03513,Nabarangpur,20
21-397-03514,Nabarangpur,20
21-397-03515,Nabarangpur,20
21-397-03516,Nabarangpur,20
21-397-03517,Nabarangpur,20
21-397-03518,Nabarangpur,20
21-397-03519,Nabarangpur,20
21-397-03520,Nabarangpur,20
21-397-03521,Nabarangpur,20
21-397-03522,Nabarangpur,20
21-385-03523,Nayagarh,21
21-385-03524,Nayagarh,21
21-385-03525,Nayagarh,21
21-385-03526,Nayagarh,21
21-385-03527,Nayagarh,21
21-385-03528,Nayagarh,21
21-385-03529,Nayagarh,21
21-385-03530,Nayagarh,21
21-394-03531,Nuapada,25
21-394-03532,Nuapada,25
21-394-03533,Nuapada,25
21-394-03534,Nuapada,25
21-394-03535,Nuapada,25
21-387-03536,Puri,20
21-387-03537,Puri,20
21-387-03538,Puri,20
21-387-03539,Puri,20
21-387-03540,Puri,20
21-387-03541,Puri,20
21-387-03542,Puri,20
21-387-03543,Puri,20
21-387-03544,Puri,20
21-387-03545,Puri,20
21-387-03546,Puri,20
21-396-03547,Rayagada,22
21-396-03548,Rayagada,22
21-396-03549,Rayagada,22
21-396-03550,Rayagada,22
21-396-03551,Rayagada,22
21-396-03552,Rayagada,22
21-396-03553,Rayagada,22
21-396-03554,Rayagada,22
21-396-03555,Rayagada,22
21-396-03556,Rayagada,22
21-396-03557,Rayagada,22
21-372-03558,Sambalpur,23
21-372-03559,Sambalpur,23
21-372-03560,Sambalpur,23
21-372-03561,Sambalpur,23
21-372-03562,Sambalpur,23
21-372-03563,Sambalpur,23
21-372-03564,Sambalpur,23
21-372-03565,Sambalpur,23
21-372-03566,Sambalpur,23
21-392-03567,Sonepur,22
21-392-03568,Sonepur,22
21-392-03569,Sonepur,22
21-392-03570,Sonepur,22
21-392-03571,Sonepur,22
21-392-03572,Sonepur,22
21-374-03573,Sundargarh,21
21-374-03574,Sundargarh,21
21-374-03575,Sundargarh,21
21-374-03576,Sundargarh,21
21-374-03577,Sundargarh,21
21-374-03578,Sundargarh,21
21-374-03579,Sundargarh,21
21-374-03580,Sundargarh,21
21-374-03581,Sundargarh,21
21-374-03582,Sundargarh,21
21-374-03583,Sundargarh,21
21-374-03584,Sundargarh,21
21-374-03585,Sundargarh,21
21-374-03586,Sundargarh,21
21-374-03587,Sundargarh,21
21-374-03588,Sundargarh,21
21-374-03589,Sundargarh,21
