district,sum-population,total-tender-awarded-value,sum-aged-population,sum-young-population,nosanitation-hhds-pct,workers-affected-pct,pct-ncd,health-centres-count,avg-electricity,piped-hhds-pct,heat-days-score,dtname,object-id,timeperiod,population-z,exposure,govtresponse-z,government-response,efficiency,vulnerability-raw,vulnerability,heat-zscore,heat-hazard,topsis-score,heat-risk-score
Anugul,1466241,0.0,90457,91482,13.66,86.1,5.94,209.0,9.85,15.8,8.365,Anugul,21-384,2025_Apr-Jul,-0.252,3,-0.46,3,1.0,0.0,1,-0.333,3,0.495,3
Balangir,2229492,56581002.86,196346,184797,13.47,87.7,4.34,278.0,10.14,10.97,10.845,Balangir,21-393,2025_Apr-Jul,0.622,4,0.443,3,1.0,0.0,1,1.744,5,0.69,4
Baleshwar,2662860,4243690.0,167342,158583,14.75,87.5,6.26,353.0,10.22,14.61,6.147,Baleshwar,21-377,2025_Apr-Jul,1.118,4,-0.392,3,0.957,0.043,2,-2.191,1,0.336,2
Bargarh,1636644,5102913.0,125882,98801,16.62,77.9,6.48,258.0,10.3,10.05,9.45,Bargarh,21-370,2025_Apr-Jul,-0.057,3,-0.379,3,1.0,0.0,1,0.575,4,0.608,4
Bhadrak,1713857,0.0,109885,96804,14.4,85.1,6.51,232.0,9.14,9.99,7.005,Bhadrak,21-378,2025_Apr-Jul,0.032,3,-0.46,3,0.927,0.073,3,-1.473,2,0.433,3
Boudh,561012,4183839.76,48606,56771,8.79,82.2,5.75,83.0,10.89,8.39,11.342,Boudh,21-391,2025_Apr-Jul,-1.288,2,-0.393,3,1.0,0.0,1,2.161,5,0.667,4
Cuttack,3052904,30305661.55,205147,140792,12.6,74.0,7.86,393.0,11.09,12.75,9.43,Cuttack,21-381,2025_Apr-Jul,1.564,5,0.023,3,1.0,0.0,1,0.559,4,0.626,4
Deogarh,376026,0.0,25935,27363,15.61,86.87,6.41,53.0,10.14,17.22,7.602,Deogarh,21-373,2025_Apr-Jul,-1.499,2,-0.46,3,1.0,0.0,1,-0.972,2,0.374,2
Dhenkanal,1467709,0.0,102133,87754,10.89,87.1,8.12,205.0,9.8,11.74,8.885,Dhenkanal,21-383,2025_Apr-Jul,-0.25,3,-0.46,3,0.955,0.045,2,0.102,3,0.528,3
Gajapati,676444,356237.0,45627,69637,16.34,89.6,5.09,164.0,10.13,15.88,8.11,Gajapati,21-389,2025_Apr-Jul,-1.155,2,-0.455,3,1.0,0.0,1,-0.547,2,0.374,2
Ganjam,4128696,0.0,322259,286061,16.37,82.1,8.98,548.0,10.93,23.32,9.17,Ganjam,21-388,2025_Apr-Jul,2.795,5,-0.46,3,1.0,0.0,1,0.341,3,0.515,3
Jagatsinghapur,1314133,357273.0,116836,65015,17.94,78.3,8.78,225.0,10.26,15.76,8.098,Jagatsinghapur,21-380,2025_Apr-Jul,-0.426,3,-0.455,3,1.0,0.0,1,-0.558,2,0.381,2
Jajapur,2167535,0.0,161926,136109,16.05,85.5,7.65,329.0,9.89,9.31,9.02,Jajapur,21-382,2025_Apr-Jul,0.551,4,-0.46,3,0.868,0.132,5,0.215,3,0.635,4
Jharsuguda,680480,0.0,45229,41544,9.84,82.2,7.56,81.0,10.82,12.09,8.618,Jharsuguda,21-371,2025_Apr-Jul,-1.151,2,-0.46,3,1.0,0.0,1,-0.122,3,0.485,3
Kalahandi,2018229,214246.0,140164,162528,10.35,95.7,6.68,298.0,9.69,7.32,10.235,Kalahandi,21-395,2025_Apr-Jul,0.38,3,-0.457,3,0.86,0.14,5,1.233,4,0.775,4
Kandhamal,885455,7869938.79,53209,75298,14.92,85.0,5.5,213.0,9.3,9.54,8.465,Kandhamal,21-390,2025_Apr-Jul,-0.916,2,-0.335,3,1.0,0.0,1,-0.25,3,0.485,3
Kendrapara,1783366,147308735.0,202113,131142,14.14,81.0,7.74,278.0,10.75,19.39,7.375,Kendrapara,21-379,2025_Apr-Jul,0.111,3,1.891,1,1.0,0.0,1,-1.163,2,0.202,2
Kendujhar,2260256,26395522.0,130233,182229,15.69,93.5,5.75,420.0,8.44,11.67,8.17,Kendujhar,21-375,2025_Apr-Jul,0.657,4,-0.039,3,0.9,0.1,4,-0.497,3,0.61,4
Khordha,2793085,38179800.8,207643,166783,11.4,67.5,8.8,249.0,11.4,17.97,8.013,Khordha,21-386,2025_Apr-Jul,1.267,4,0.149,3,1.0,0.0,1,-0.629,2,0.392,2
Koraput,1701051,18742967.79,91843,154468,14.56,93.2,5.31,366.0,9.67,12.54,8.835,Koraput,21-398,2025_Apr-Jul,0.017,3,-0.161,3,0.99,0.01,1,0.06,3,0.495,3
Malkangiri,831116,6307650.07,43849,83360,16.6,99.8,5.2,178.0,9.32,11.11,9.392,Malkangiri,21-399,2025_Apr-Jul,-0.978,2,-0.36,3,1.0,0.0,1,0.527,4,0.595,3
Mayurbhanj,3074481,140501794.0,170370,210981,12.74,88.8,6.77,684.0,9.47,10.76,7.238,Mayurbhanj,21-376,2025_Apr-Jul,1.589,5,1.782,1,1.0,0.0,1,-1.278,2,0.255,2
Nabarangpur,1547190,18825549.0,79835,143484,13.45,98.1,3.78,335.0,10.8,12.99,8.388,Nabarangpur,21-397,2025_Apr-Jul,-0.159,3,-0.16,3,1.0,0.0,1,-0.315,3,0.495,3
Nayagarh,1067570,2648938.0,95064,70191,12.14,87.5,8.28,201.0,10.48,9.95,9.785,Nayagarh,21-385,2025_Apr-Jul,-0.708,2,-0.418,3,1.0,0.0,1,0.856,4,0.595,3
Nuapada,752971,0.0,57594,62718,7.64,91.9,5.4,114.0,9.56,9.3,9.412,Nuapada,21-394,2025_Apr-Jul,-1.068,2,-0.46,3,1.0,0.0,1,0.544,4,0.595,3
Puri,1981676,303374399.0,152825,99830,13.65,77.5,8.3,295.0,10.8,11.76,7.518,Puri,21-387,2025_Apr-Jul,0.338,3,4.382,1,1.0,0.0,1,-1.043,2,0.202,2
Rayagada,1213091,45319342.28,71641,113523,13.72,94.6,7.28,280.0,9.08,6.99,9.752,Rayagada,21-396,2025_Apr-Jul,-0.541,2,0.263,3,0.989,0.011,1,0.829,4,0.595,3
Sambalpur,1321896,5800999.19,107668,96474,18.74,84.3,4.96,193.0,10.96,7.8,8.712,Sambalpur,21-372,2025_Apr-Jul,-0.417,3,-0.368,3,1.0,0.0,1,-0.042,3,0.495,3
Sonepur,703602,2462421.0,50641,45168,17.76,95.8,5.03,112.0,10.36,12.76,11.23,Sonepur,21-392,2025_Apr-Jul,-1.124,2,-0.421,3,1.0,0.0,1,2.066,5,0.667,4
Sundargarh,2514325,0.0,142164,173021,9.13,82.8,6.23,460.0,8.96,7.51,8.285,Sundargarh,21-374,2025_Apr-Jul,0.948,4,-0.46,3,1.0,0.0,1,-0.4,3,0.505,3
